robot_name,num_trajectories,num_waypoints,ik_success_rate,trajectory_success_rate,mean_position_error,max_position_error,mean_joint_margin,min_joint_margin,mean_manipulability,min_manipulability,manipulability_below_threshold,smoothness_cost,collision_proxy,hardware_cost,orientation_tolerance_rad,mean_orientation_error_rad,max_orientation_error_rad,pose_success_rate,trajectory_pose_success_rate
panda_true,1500,119975,0.995299,0.946667,0.000495,0.08294,0.39912,0.0,0.17995762,0.02193688,0.0,0.01949797,0.01513034,1.415762,0.1,0.011822,1.686391,0.995299,0.946667
xarm6_true,1500,119975,0.719183,0.242,0.0112,0.111168,1.274039,0.299946,0.14035062,0.02604513,0.0,0.01468042,0.00247573,1.202873,0.1,0.023499,1.244216,0.719183,0.242
ur5e_true_robotiq2f85_tcp_proxy,1500,119975,0.996833,0.967333,0.000395,0.025089,1.609774,0.284121,0.11879035,0.01692633,0.0,1.20048076,0.00229377,1.620531,0.1,0.001411,0.09955,0.996833,0.967333
